timestamp,close,vwap,macd,macd_signal,bb_upper,bb_lower,atr,atr_median,buy_condition_1,buy_condition_2,buy_condition_3,buy_condition_4,buy_signal,sell_condition_1,sell_condition_2,sell_condition_3,sell_condition_4,sell_signal,in_position,entry_price,highest_price_since_entry
2025-07-10 13:35:00+00:00,163.57,163.85605020197633,-0.27475848763802446,-0.1603046685731433,164.7475363372996,163.2734636627004,0.3229201699355903,0.046543714608842324,False,False,False,True,False,True,True,False,True,False,False,,
2025-07-10 13:36:00+00:00,163.47,163.8341563063513,-0.28881359731391854,-0.1924319007583371,164.618635316729,163.18436468327099,0.3043361359484702,0.046543714608842324,False,False,False,True,False,True,True,False,True,False,False,,
2025-07-10 13:37:00+00:00,163.435,163.81296995837496,-0.2976025207633768,-0.21872455575959704,164.45381567471705,163.126184325283,0.27746890875877367,0.046543714608842324,False,False,False,True,False,True,True,False,True,False,False,,
2025-07-10 13:38:00+00:00,163.55,163.78735876651308,-0.28603805562181606,-0.2355529307251518,164.22958309611732,163.14641690388265,0.26997512700702075,0.046543714608842324,False,False,False,True,False,True,True,False,True,False,False,,
2025-07-10 13:39:00+00:00,163.67,163.76716392718737,-0.2593359345075612,-0.24149868167075414,163.88958869632089,163.3004113036791,0.2689801016056196,0.046543714608842324,False,False,False,True,False,True,True,False,True,False,False,,
2025-07-10 13:40:00+00:00,163.515,163.75688189857976,-0.2521101021606853,-0.24415153679323692,163.79203666212095,163.31296333787907,0.2581840812844963,0.046543714608842324,False,False,False,True,False,True,True,False,True,False,False,,
2025-07-10 13:41:00+00:00,163.46,163.7471814546804,-0.2482711313236905,-0.2451814354258503,163.6547273852215,163.35627261477848,0.24754726502759955,0.046543714608842324,False,False,False,True,False,True,True,False,True,False,False,,
2025-07-10 13:42:00+00:00,163.57,163.73544715491118,-0.22896513196363344,-0.24112735956029607,163.66249115928252,163.3585088407175,0.23103781202207804,0.046543714608842324,False,True,False,True,False,True,False,False,True,False,False,,
2025-07-10 13:43:00+00:00,163.81,163.73209830580242,-0.18457958457514678,-0.22699041581400875,163.73522759455633,163.33077240544364,0.2538302496176622,0.0465602489564511,True,True,False,True,False,False,False,True,True,False,False,,
2025-07-10 13:44:00+00:00,164.07,163.7474936527308,-0.12057955766397299,-0.2003877012764998,163.89009126199872,163.33390873800127,0.2580641996941309,0.047540877111221916,True,True,False,True,False,False,False,True,True,False,False,,
2025-07-10 13:45:00+00:00,163.97,163.755424524204,-0.08275081886193902,-0.1709784806728596,163.9716478531134,163.33235214688656,0.24645135975530247,0.048793173496669465,True,True,False,True,False,False,False,False,True,False,False,,
2025-07-10 13:46:00+00:00,163.91,163.75799170241513,-0.06027990302661124,-0.1433038362612975,164.02056547875586,163.37143452124414,0.219161087804239,0.04971130034261319,True,True,False,True,False,False,False,False,True,False,False,,
2025-07-10 13:47:00+00:00,163.895,163.75962089038154,-0.04447778418224857,-0.11859732324153527,164.0488627543382,163.43513724566185,0.20732887024339056,0.050470218118349355,True,True,False,True,False,False,False,False,True,False,False,,
2025-07-10 13:48:00+00:00,163.65,163.7575456278651,-0.058903919855737286,-0.10367397239508577,164.04788807005355,163.45611192994647,0.22186309619471264,0.05181523221926959,False,True,False,True,False,True,False,False,True,False,False,,
2025-07-10 13:49:00+00:00,163.5,163.7524778451983,-0.08468831089362538,-0.09892755701972067,164.05071347769774,163.41928652230223,0.22649047695577104,0.05314460209672025,False,True,False,True,False,True,False,False,True,False,False,,
2025-07-10 13:50:00+00:00,163.565,163.7421060785354,-0.09480989872315604,-0.09789814244557951,164.04859560917163,163.4314043908284,0.22219238156461368,0.053729398896263575,False,True,False,True,False,True,False,False,True,False,False,,
2025-07-10 13:51:00+00:00,163.58,163.73640538873138,-0.09881087353147677,-0.09812632521705383,164.0401444950021,163.46385550499792,0.20375390525169004,0.054685736395280723,False,False,False,True,False,True,True,False,True,False,False,,
2025-07-10 13:52:00+00:00,163.425,163.73131534733483,-0.11683320296421584,-0.10280304465384434,164.05239730468838,163.42260269531164,0.19600312420135613,0.055269226493478096,False,False,False,True,False,True,True,False,True,False,False,,
2025-07-10 13:53:00+00:00,163.315,163.71854980110754,-0.13981611158868645,-0.11205631138755487,164.05218196001454,163.3238180399855,0.19480249936108446,0.0567988712929803,False,False,True,True,False,True,True,False,True,False,False,,
2025-07-10 13:54:00+00:00,163.42,163.70990236337175,-0.14253429765031456,-0.11967580795324478,163.94926637889924,163.29673362110074,0.19084199948886416,0.11541482926814091,False,False,False,True,False,True,True,False,True,False,False,,
2025-07-10 13:55:00+00:00,163.07,163.6878580168652,-0.18010144573781872,-0.13478221739938828,163.89347156614642,163.17252843385356,0.22667359959108654,0.18170299732680434,False,False,True,True,False,True,True,False,True,False,False,,
2025-07-10 13:56:00+00:00,162.9,163.64659365009408,-0.22269389078806512,-0.1567601357465575,163.83840312498808,163.0255968750119,0.22233887967287175,0.1928222494249743,False,False,True,True,False,True,True,False,True,False,False,,
2025-07-10 13:57:00+00:00,162.68,163.61059186823047,-0.27362123462847876,-0.1859754104670378,163.76979708522924,162.85120291477074,0.22387110373830105,0.1954028117812203,False,False,True,True,False,True,True,False,True,False,False,,
2025-07-10 13:58:00+00:00,162.385,163.55534473046293,-0.33786618951913283,-0.22394810523006156,163.7685844678061,162.59941553219394,0.2490968829906397,0.19902716016657518,False,False,True,True,False,True,True,False,True,False,False,,
2025-07-10 13:59:00+00:00,162.9,163.51923985723886,-0.32226027857899453,-0.24852063918002212,163.6978632241224,162.5501367758776,0.3332775063932681,0.20290255089016312,False,False,False,True,False,True,True,False,True,False,False,,
2025-07-10 14:00:00+00:00,162.74,163.4310739182506,-0.3225095325774987,-0.2670178625293913,163.59233964318136,162.4906603568186,0.3306220051146131,0.2055413877553232,False,False,False,True,False,True,True,False,True,False,False,,
2025-07-10 14:01:00+00:00,162.67,163.3414435014984,-0.32446336216591476,-0.28137923743852217,163.4510984543526,162.4499015456474,0.3194976040916916,0.2132449790362379,False,False,False,True,False,True,True,False,True,False,False,,
2025-07-10 14:02:00+00:00,162.865,163.29017284641677,-0.2987122680090124,-0.2857124950811447,163.3355542058526,162.45344579414746,0.306598083273358,0.2205120920107947,False,False,False,True,False,True,True,False,True,False,False,,
2025-07-10 14:03:00+00:00,162.535,163.25616043523834,-0.3105530673856549,-0.29192263815727226,163.2289734082341,162.40402659176587,0.31727846661868914,0.22202773888690722,False,False,False,True,False,True,True,False,True,False,False,,
2025-07-10 14:04:00+00:00,162.515,163.2126161411129,-0.3156999566161858,-0.2978669677720006,163.02635229314976,162.42564770685024,0.2878227732949545,0.2222656306223107,False,False,False,True,False,True,True,False,True,False,False,,
2025-07-10 14:05:00+00:00,162.34,163.17332777170174,-0.33279405866352363,-0.30659874049488134,162.9447528920171,162.36124710798288,0.2952582186359613,0.22310499170692027,False,False,True,True,False,True,True,False,True,False,False,,
2025-07-10 14:06:00+00:00,162.065,163.08851913565246,-0.36917599149998637,-0.3222438307311791,162.934873182514,162.204126817486,0.32420657491135474,0.22518079041821903,False,False,True,True,False,True,True,False,True,False,False,,
2025-07-10 14:07:00+00:00,162.305,163.03816871885508,-0.3627468795120308,-0.33237659027984334,162.9105858555208,162.15341414447923,0.3243652599251086,0.22658203821098832,False,False,False,True,False,True,True,False,True,False,False,,
2025-07-10 14:08:00+00:00,162.33,162.99103977682714,-0.34874440111016725,-0.3364693204711891,162.91065890266972,162.14234109733027,0.2904922079414796,0.22885570580074943,False,False,False,True,False,True,True,False,True,False,False,,
2025-07-10 14:09:00+00:00,162.33,162.9450700167951,-0.3322227438455059,-0.3354115637331725,162.81238126589352,162.1266187341065,0.25439376635358424,0.23874458600473067,False,True,False,True,False,True,False,False,True,False,False,,
2025-07-10 14:10:00+00:00,162.51,162.92050349986812,-0.29452757720093814,-0.3251905671001139,162.76317501085617,162.12982498914386,0.24751501308286716,0.2469831864583789,False,True,False,True,False,True,False,False,True,False,False,,
2025-07-10 14:11:00+00:00,162.315,162.87782887029772,-0.28303179039565407,-0.3146522865318151,162.71116495465074,162.11083504534926,0.2670120104642247,0.24753113831426543,False,True,False,True,False,True,False,False,True,False,False,,
2025-07-10 14:12:00+00:00,162.25,162.8578258686206,-0.27661453545209724,-0.30514214195783906,162.5520958106687,162.14690418933125,0.2526096083723332,0.24832207374572568,False,True,False,True,False,True,False,False,True,False,False,,
2025-07-10 14:13:00+00:00,162.275,162.8170663124313,-0.2641912928025931,-0.2949044296690276,162.50524312229228,162.14175687770776,0.24008768669786612,0.24832207374572568,False,True,False,False,False,True,False,False,False,False,False,,
2025-07-10 14:14:00+00:00,162.1,162.73898381322118,-0.26944254788750754,-0.2885376741246396,162.46128608423572,162.10271391576424,0.229070149356129,0.2483220719999074,False,True,True,False,False,True,False,False,False,False,False,,
2025-07-10 14:15:00+00:00,162.36,162.70042484291665,-0.2400004682240251,-0.27640401519916863,162.46495994031991,162.10304005968013,0.24325611948668788,0.24832207379707327,False,True,False,False,False,True,False,False,False,False,False,,
2025-07-10 14:16:00+00:00,162.465,162.6741442618788,-0.2027694201626673,-0.25799536644021376,162.48439482535468,162.16360517464534,0.2156048955894756,0.24832207395753453,False,True,False,False,False,True,False,False,False,False,False,,
2025-07-10 14:17:00+00:00,162.69,162.64979611756905,-0.14746448459143835,-0.23036778637508626,162.59152033206797,162.13347966793205,0.2174839164705608,0.24832207235292214,True,True,False,False,False,False,False,True,False,False,False,,
2025-07-10 14:18:00+00:00,162.71,162.61914859598556,-0.10237568818916998,-0.19836911927898235,162.67642356278597,162.12457643721402,0.19998713317619882,0.2483220718514808,True,True,False,False,False,False,False,True,False,False,False,,
2025-07-10 14:19:00+00:00,162.74,162.60717762051098,-0.06444962379922003,-0.16488860285943166,162.75321591634128,162.1297840836587,0.18298970654185207,0.24832207404528672,True,True,False,False,False,False,False,False,False,False,False,,
2025-07-10 14:20:00+00:00,162.65,162.5837860687731,-0.04551438334465274,-0.135045690530521,162.78023267852262,162.13076732147738,0.1753917652351388,0.24832207913805066,True,True,False,False,False,False,False,False,False,False,False,,
2025-07-10 14:21:00+00:00,162.66,162.57205438936754,-0.02982278429973917,-0.1087380363239467,162.81823962283744,162.16176037716258,0.1713134121884932,0.2483220806071171,True,True,False,False,False,False,False,False,False,False,False,,
2025-07-10 14:22:00+00:00,162.64,162.5633414689707,-0.02005215167284291,-0.08656720771090666,162.83951811541428,162.2184818845857,0.17305072974977737,0.24753114072130644,True,True,False,False,False,False,False,False,False,False,False,,
2025-07-10 14:23:00+00:00,162.44,162.54701607677254,-0.03439503655346243,-0.07351902452452651,162.83372744924918,162.25727255075083,0.18844058379854878,0.24698318402637032,False,True,False,False,False,True,False,False,False,False,False,,
2025-07-10 14:24:00+00:00,162.51,162.5302003720348,-0.036569077264971384,-0.06428282280922763,162.77337044309002,162.39962955691004,0.1787524670375688,0.24485373339860672,False,True,False,False,False,True,False,False,False,False,False,,
2025-07-10 14:25:00+00:00,162.26,162.50309495740254,-0.064755524840308,-0.06439907066792472,162.7936130178056,162.35938698219437,0.19500197363184135,0.24167190309414027,False,False,True,False,False,True,True,False,False,False,False,,
2025-07-10 14:26:00+00:00,162.35,162.47620079237439,-0.07426269369690885,-0.06686754662368173,162.8007673641546,162.3292326358454,0.19200157890738415,0.2355627678732855,False,False,False,False,False,True,True,False,False,False,False,,
2025-07-10 14:27:00+00:00,162.24,162.46556994296148,-0.091824477703085,-0.0731061368434929,162.78698314553674,162.25301685446328,0.17960126312717956,0.23005401382639062,False,False,True,False,False,True,True,False,False,False,False,,
2025-07-10 14:28:00+00:00,162.35,162.4600804660725,-0.09092049690434578,-0.07755137371311739,162.74234860170066,162.2256513982993,0.22068101050314232,0.22787187744200785,False,False,False,False,False,True,True,False,False,False,False,,
2025-07-10 14:29:00+00:00,162.415,162.44422379852674,-0.08152471732498157,-0.07854470961608344,162.6766511991989,162.22634880080108,0.2055448084025159,0.2265820523564227,False,False,False,False,False,True,True,False,False,False,False,,
2025-07-10 14:30:00+00:00,162.53,162.42700967955577,-0.06066370095226148,-0.07407445745012795,162.64659916103335,162.23240083896667,0.19643584672201203,0.22518080337702961,True,True,False,False,False,False,False,False,False,False,False,,
2025-07-10 14:31:00+00:00,162.3,162.4085003093127,-0.06948268884320896,-0.07292970149946677,162.58629240274342,162.22070759725653,0.22014867737362226,0.22310498705934173,False,True,False,False,False,True,False,False,False,False,False,,
2025-07-10 14:32:00+00:00,162.2,162.38443940847952,-0.08554010475100426,-0.07608230231235115,162.52009284697874,162.19890715302125,0.2021189418988969,0.2222656181908197,False,False,False,False,False,True,True,False,False,False,False,,
2025-07-10 14:33:00+00:00,162.21,162.36989056594626,-0.09457204168845124,-0.08070473715637617,162.5043408844732,162.1686591155268,0.18169515351912208,0.22202771364755602,False,False,False,False,False,True,True,False,False,False,False,,
2025-07-10 14:34:00+00:00,162.225,162.35923351791698,-0.09778561254694296,-0.08497583374621696,162.4575568453817,162.15844315461834,0.16035612281581685,0.2212720454434803,False,False,False,False,False,True,True,False,False,False,False,,
2025-07-10 14:35:00+00:00,162.33,162.35457714080175,-0.0868893211281545,-0.08545376672045697,162.4628089983755,162.1671910016245,0.1672848982514527,0.2204148439316634,False,False,False,False,False,True,True,False,False,False,False,,
2025-07-10 14:36:00+00:00,162.36,162.38571216209013,-0.0741125103405409,-0.08261845262547796,162.46440906306816,162.16759093693184,0.14982791860116468,0.2204148439316634,False,True,False,False,False,True,False,False,False,False,False,,
2025-07-10 14:37:00+00:00,162.5,162.40286080807326,-0.048200056852437,-0.07401385368221772,162.5057749980942,162.17822500190582,0.14886233488093378,0.2204148439316634,True,True,False,False,False,False,False,False,False,False,False,,
2025-07-10 14:38:00+00:00,162.575,162.4150079910665,-0.02029645328198626,-0.06058450358215985,162.55913764409985,162.16986235590014,0.14908986790474815,0.21881629687614346,True,True,False,False,False,False,False,True,False,False,False,,
2025-07-10 14:39:00+00:00,162.57,162.42490680008655,-0.0001793515346832919,-0.04548321557029071,162.59510753125065,162.1648924687494,0.1452718943237976,0.21654440592814692,True,True,False,False,False,False,False,False,False,False,False,,
2025-07-10 14:40:00+00:00,162.59,162.4256215283178,0.016636347036694588,-0.029953324918544383,162.61194302379303,162.16005697620696,0.1322175154590406,0.21057485193450648,True,True,False,False,False,False,False,False,False,False,False,,
2025-07-10 14:41:00+00:00,162.52,162.4387331156996,0.020927103324311247,-0.017233217857830475,162.6367733594646,162.17922664053538,0.13277401236723635,0.21057485193450648,True,True,False,False,False,False,False,False,False,False,False,,
2025-07-10 14:42:00+00:00,162.42,162.44280732925924,0.012758069654864812,-0.009735395979656654,162.63382897242715,162.22617102757286,0.13021920989379,0.21057485193450648,False,True,False,False,False,True,False,False,False,False,False,,
2025-07-10 14:43:00+00:00,162.33,162.44900059125203,-0.0032331924620621066,-0.008109845100258016,162.62250554008315,162.26149445991686,0.12517536791502995,0.21057485193450648,False,True,False,False,False,True,False,False,False,False,False,,
2025-07-10 14:44:00+00:00,162.255,162.46898333661264,-0.022986929004673584,-0.011829935024765058,162.61772811004712,162.27227188995286,0.1301402943320426,0.21057485193927827,False,False,True,False,False,True,True,False,False,False,False,,
2025-07-10 14:45:00+00:00,162.22,162.46481972684944,-0.0407522697496745,-0.01905969975758717,162.62887880849507,162.23912119150492,0.13311223546569736,0.20383187514735218,False,False,True,False,False,True,True,False,False,False,False,,
2025-07-10 14:46:00+00:00,162.22,162.44753539327763,-0.052931428231858035,-0.027526812927740608,162.6358905972952,162.20410940270483,0.1374897883724706,0.2010530374935503,False,False,False,False,False,True,True,False,False,False,False,,
2025-07-10 14:47:00+00:00,162.33,162.4358075027919,-0.04882733804208783,-0.032852148943413456,162.618269598412,162.18773040158797,0.13999183069804763,0.19821148992617804,False,False,False,False,False,True,True,False,False,False,False,,
2025-07-10 14:48:00+00:00,162.475,162.42316684040026,-0.029135933453346752,-0.031922480859580715,162.59455892438808,162.19144107561192,0.1439934645583762,0.19571891016298082,True,True,False,False,False,False,False,False,False,False,False,,
2025-07-10 14:49:00+00:00,162.44,162.41487487124508,-0.018104113860459847,-0.028468298584029238,162.56355857375976,162.19644142624023,0.1371947716467474,0.19350177625966752,True,True,False,False,False,False,False,False,False,False,False,,
2025-07-10 14:50:00+00:00,162.58,162.40911384549221,0.005521372303803673,-0.01997067612496234,162.56002209809992,162.19797790190012,0.13775581731733966,0.19022108132165944,True,True,False,False,False,False,False,True,False,False,False,,
2025-07-10 14:51:00+00:00,162.6,162.4037121054502,0.024785182113902238,-0.008781302091104903,162.5848408451274,162.1891591548726,0.12420465385382662,0.18571514506168174,True,True,False,False,False,False,False,True,False,False,False,,
2025-07-10 14:52:00+00:00,162.57,162.39864950587386,0.03507192815129656,0.0021824149437493397,162.616300606627,162.18769939337298,0.12936372308304797,0.18234242994321204,True,True,False,False,False,False,False,False,False,False,False,,
2025-07-10 14:53:00+00:00,162.79,162.4011099234041,0.06591524862932374,0.01811562336514586,162.71978990047543,162.17621009952458,0.1494909784665645,0.1806482083301178,True,True,False,False,False,False,False,True,False,False,False,,
2025-07-10 14:54:00+00:00,162.68,162.40694172341946,0.07514864279852418,0.03237428769768616,162.7616734915154,162.21932650848458,0.14259278277325652,0.17917686510541508,True,True,False,False,False,False,False,False,False,False,False,,
2025-07-10 14:55:00+00:00,162.64,162.41979892740278,0.07613375900444908,0.04331436026148594,162.77360487863297,162.29139512136697,0.14007422621868304,0.17707211632673753,True,True,False,False,False,False,False,False,False,False,False,,
2025-07-10 14:56:00+00:00,162.615,162.4308278791474,0.0727395875889556,0.05067189551593851,162.75687766225366,162.38712233774635,0.12705938097511607,0.17422124813275403,True,True,False,False,False,False,False,False,False,False,False,,
2025-07-10 14:57:00+00:00,162.65,162.43367613374537,0.07276451957787344,0.05619341363465471,162.74566068614956,162.4623393138504,0.11964750477995356,0.17218207114297562,True,True,False,False,False,False,False,False,False,False,False,,
2025-07-10 14:58:00+00:00,162.535,162.44399331945354,0.05891583905781772,0.056874634201731854,162.74158172365628,162.4784182763437,0.12571800382388526,0.1692991551630415,True,True,False,False,False,False,False,False,False,False,False,,
2025-07-10 14:59:00+00:00,162.47,162.44836375294287,0.04068015859073171,0.05282437740219282,162.73629233552967,162.48970766447033,0.11757440305911285,0.1638205105314216,True,False,True,False,False,False,True,False,False,False,False,,
2025-07-10 15:00:00+00:00,162.36,162.44676992495206,0.0146794917786508,0.043288360733414834,162.75913387523153,162.4228661247685,0.12005952244724563,0.15509202069453898,False,False,True,False,False,True,True,False,False,False,False,,
2025-07-10 15:01:00+00:00,162.365,162.4486009798446,-0.003950626064067819,0.03147984245662481,162.76371496502477,162.37128503497522,0.11104761795764242,0.14965944850725132,False,False,True,False,False,True,True,False,False,False,False,,
2025-07-10 15:02:00+00:00,162.48,162.45189949970964,-0.004883873555201035,0.02238829924239599,162.75859825711484,162.35840174288518,0.12683809436618348,0.14929042317607255,True,False,False,False,False,False,True,False,False,False,False,,
2025-07-10 15:03:00+00:00,162.28,162.4563889359134,-0.027292261066889978,0.00996734021667892,162.70644801456766,162.30855198543233,0.14747047549298847,0.14897610138510936,False,False,True,False,False,True,True,False,False,False,False,,
2025-07-10 15:04:00+00:00,162.24,162.45607955072526,-0.04745560655925374,-0.004387782266082073,162.6747565087765,162.2522434912235,0.1369763803944518,0.14816640519536883,False,False,True,False,False,True,True,False,False,False,False,,
2025-07-10 15:05:00+00:00,162.34,162.4576410498077,-0.05034991807508504,-0.015880158852310994,162.63105205010442,162.2359479498956,0.13158110431560224,0.14637118492105894,False,False,False,False,False,True,True,False,False,False,False,,
2025-07-10 15:06:00+00:00,162.44,162.4594236180978,-0.0406292508976378,-0.022067636600852085,162.5918841948569,162.2401158051431,0.13426488345239634,0.14463267943486113,False,False,False,False,False,True,True,False,False,False,False,,
2025-07-10 15:07:00+00:00,162.43,162.4593575580661,-0.03391121008417031,-0.025027915760450527,162.52655281965968,162.26144718034033,0.12741190676182845,0.14329312366103397,False,False,False,False,False,True,True,False,False,False,False,,
2025-07-10 15:08:00+00:00,162.405,162.45213130952743,-0.031135268395217963,-0.02655332075952456,162.49388932633218,162.26811067366782,0.12792952540916436,0.14133350448800677,False,False,False,False,False,True,True,False,False,False,False,,
2025-07-10 15:09:00+00:00,162.4,162.44260215423398,-0.029096733281051,-0.02718917388990617,162.4785597915058,162.2694402084942,0.12434362032733422,0.14003302843393772,False,False,False,False,False,True,True,False,False,False,False,,
2025-07-10 15:10:00+00:00,162.27,162.43662433101989,-0.041266948956518945,-0.030708617656571027,162.4796298390462,162.25037016095382,0.14147489626186896,0.14003302843393772,False,False,False,True,False,True,True,False,True,False,False,,
2025-07-10 15:11:00+00:00,162.21,162.42290248601049,-0.055913319208968915,-0.03700997916934796,162.48368294414627,162.21531705585375,0.154179917009513,0.14003302843653392,False,False,True,True,False,True,True,False,True,False,False,,
2025-07-10 15:12:00+00:00,162.115,162.38175634464014,-0.07591228699183716,-0.04673574224965045,162.46645520518956,162.15954479481042,0.18134393360767048,0.14003302844518795,False,False,True,True,False,True,True,False,True,False,False,,
2025-07-10 15:13:00+00:00,161.65,162.3534708674972,-0.1398045455183592,-0.07000368756546706,162.58656537255013,161.91343462744987,0.2430751468860962,0.1400330284370748,False,False,True,True,False,True,True,False,True,False,False,,
2025-07-10 15:14:00+00:00,161.67,162.3421122669518,-0.18154741826208465,-0.09788962023959401,162.61918481906307,161.7668151809369,0.20646011750889143,0.1400330284404553,False,False,True,True,False,True,True,False,True,False,False,,
2025-07-10 15:15:00+00:00,161.65,162.33301391993427,-0.21078777474269828,-0.12611527561332647,162.6060790910213,161.64192090897876,0.19416809400719917,0.14003302846580878,False,False,False,True,False,True,True,False,True,False,False,,
2025-07-10 15:16:00+00:00,161.825,162.33253216322564,-0.20912915850092872,-0.14686856021057695,162.53317803486027,161.59182196513973,0.19033447520572794,0.14003302845524482,False,False,False,True,False,True,True,False,True,False,False,,
2025-07-10 15:17:00+00:00,161.995,162.3116805083229,-0.18557553144890448,-0.15654567526947888,162.45249480965745,161.58550519034256,0.20026758016464713,0.14003302848495597,False,False,False,True,False,True,True,False,True,False,False,,
2025-07-10 15:18:00+00:00,161.905,162.26337033662605,-0.17488976528153444,-0.16113207002173185,162.35847753465376,161.57952246534623,0.19721406413178116,0.14003302852209493,False,False,False,True,False,True,True,False,True,False,False,,
2025-07-10 15:19:00+00:00,161.945,162.25058749198058,-0.15957443809767824,-0.16074247591602037,162.24810447085758,161.5988955291424,0.1867712513054003,0.1400330285066204,False,True,False,True,False,True,False,False,True,False,False,,
2025-07-10 15:20:00+00:00,161.875,162.23786510795097,-0.15317241827585804,-0.15885145050325195,162.15854098054757,161.6094590194524,0.18541700104419562,0.14003302839056114,False,True,False,True,False,True,False,False,True,False,False,,
2025-07-10 15:21:00+00:00,162.11,162.22420556747693,-0.12009376060186128,-0.14916165577856982,162.1244550857939,161.62354491420615,0.19533360083530324,0.14003302832608383,False,True,False,True,False,True,False,False,True,False,False,,
2025-07-10 15:22:00+00:00,162.14,162.2081794703264,-0.09058039958242148,-0.1345161556048395,162.13255773274798,161.62044226725206,0.1762668806686824,0.14003302896078262,False,True,False,True,False,True,False,True,True,False,False,,
2025-07-10 15:23:00+00:00,162.23,162.195595426948,-0.05765148103603224,-0.11530035921197493,162.20757519568795,161.66142480431202,0.16101350453572738,0.14003303035863118,True,True,False,True,False,False,False,True,True,False,False,,
2025-07-10 15:24:00+00:00,162.39,162.18581403432808,-0.015200643531727565,-0.09027598866594591,162.31284631138655,161.70015368861348,0.1608108036295506,0.14003303253883412,True,True,False,True,False,False,False,True,True,False,False,,
2025-07-10 15:25:00+00:00,162.39,162.16915015496738,0.015959870179216296,-0.06370473972683999,162.37379603219378,161.78720396780622,0.1586486429040861,0.14003303378831866,True,True,False,True,False,False,False,True,True,False,False,,
2025-07-10 15:26:00+00:00,162.565,162.16431795435855,0.05741445321095284,-0.03342494149239178,162.48891002153132,161.8200899784687,0.16191891432327116,0.14003303378831866,True,True,False,True,False,False,False,True,True,False,False,,
2025-07-10 15:27:00+00:00,162.625,162.17679023719376,0.0930647962665887,-0.0018025070526466597,162.6008850055761,161.83411499442397,0.15353513145861214,0.14003303378831866,True,True,False,True,False,False,False,True,True,False,False,,
2025-07-10 15:28:00+00:00,162.67,162.18701866015152,0.12220932219310043,0.029200450258790114,162.69138394532305,161.8966160546769,0.14282810516688857,0.14003303378831866,True,True,False,True,False,False,False,False,True,False,False,,
2025-07-10 15:29:00+00:00,162.58,162.1872806979981,0.1313652902050535,0.05474180008365884,162.7314522863956,161.98354771360442,0.14626248413337936,0.14003303289055907,True,True,False,True,False,False,False,False,True,False,False,,
2025-07-10 15:30:00+00:00,162.655,162.20161803510385,0.14382230415057506,0.07701765946931374,162.7415781150302,162.1294218849698,0.13600998730674807,0.14003303327487399,True,True,False,False,False,False,False,False,False,False,False,,
2025-07-10 15:31:00+00:00,162.745,162.24985470325282,0.16008051851707705,0.09778246528250456,162.7859237703649,162.21207622963504,0.13280798984511627,0.14003303023878644,True,True,False,False,False,False,False,False,False,False,False,,
2025-07-10 15:32:00+00:00,162.63,162.25146101460524,0.15645290082292718,0.11245433923475223,162.77556537522304,162.32043462477696,0.12924639187611453,0.1400330305030029,True,True,False,False,False,False,False,False,False,False,False,,
2025-07-10 15:33:00+00:00,162.715,162.26642376513925,0.16023642653681236,0.12439580575049689,162.7697499999997,162.42325000000028,0.12439711350077343,0.14003302846133006,True,True,False,False,False,False,False,False,False,False,False,,
2025-07-10 15:34:00+00:00,162.635,162.28800793435786,0.15135135850448478,0.1311360923216678,162.76029824119442,162.4817017588056,0.12151769080031508,0.14003302204357182,True,True,False,False,False,False,False,False,False,False,False,,
2025-07-10 15:35:00+00:00,162.9,162.3512402102188,0.17104620494362166,0.14111410991107093,162.81005705342295,162.53394294657704,0.15621415264024446,0.1407745602444549,True,True,False,True,False,False,False,True,True,False,False,,
2025-07-10 15:36:00+00:00,162.835,162.38014376153583,0.17516719283153748,0.14962577250109374,162.84329656960517,162.55470343039485,0.15997132211228,0.14203383881182213,True,True,False,True,False,False,False,False,True,False,False,,
2025-07-10 15:37:00+00:00,162.74,162.39032710777315,0.16461544829465424,0.15337151339027072,162.85074999999932,162.57025000000067,0.1489770576897882,0.14271044299294328,True,True,False,True,False,False,False,False,True,False,False,,
2025-07-10 15:38:00+00:00,162.795,162.3985880551944,0.15995142224988967,0.1550186580982828,162.86637363774366,162.57962636225636,0.13618164615177988,0.142033838074188,True,True,False,False,False,False,False,False,False,False,False,,
2025-07-10 15:39:00+00:00,162.735,162.40328415935318,0.1471049223956129,0.1530409932830541,162.86278520627917,162.6142147937208,0.12294531692146912,0.14203383862402996,True,False,False,False,False,False,True,False,False,False,False,,
2025-07-10 15:40:00+00:00,162.67,162.40933626775833,0.1279946421462057,0.14677786727794156,162.86218326399248,162.61781673600754,0.12135625353723625,0.14203383949637538,True,False,False,False,False,False,True,False,False,False,False,,
2025-07-10 15:41:00+00:00,162.71,162.42028816608297,0.11613091407124898,0.13911277285786566,162.85937417344527,162.61362582655474,0.10908500282988623,0.14203384128071822,True,False,False,False,False,False,True,False,False,False,False,,
2025-07-10 15:42:00+00:00,162.72,162.4620780753082,0.10648137929968016,0.13095128867339415,162.85696776439784,162.63403223560215,0.10026800226368096,0.1420338360350806,True,False,False,False,False,False,True,False,False,False,False,,
2025-07-10 15:43:00+00:00,162.815,162.49773505426813,0.10789480155673914,0.1251885652769002,162.86985717074086,162.64114282925917,0.1002144018108182,0.1407745555241221,True,False,False,False,False,False,True,False,False,False,False,,
2025-07-10 15:44:00+00:00,162.9,162.51663049337864,0.11623351132311655,0.12295064081802336,162.89570356194815,162.66829643805187,0.10217152144865549,0.13852529698645846,True,False,False,False,False,False,True,True,False,False,False,,
2025-07-10 15:45:00+00:00,162.825,162.5366852486718,0.11200248121815548,0.12021381067546384,162.87492441187194,162.6740755881281,0.09973721715908634,0.1365790132835453,True,False,False,False,False,False,True,False,False,False,False,,
2025-07-10 15:46:00+00:00,162.79,162.5501431075399,0.10307354240859468,0.11593216964628385,162.86628083921423,162.6737191607858,0.09578977372735042,0.1365790137471543,True,False,False,False,False,False,True,False,False,False,False,,
2025-07-10 15:47:00+00:00,162.86,162.5856488575665,0.10234152216469283,0.11253660534992053,162.88479105019312,162.6792089498069,0.09263181898174845,0.13657901275935097,True,False,False,False,False,False,True,False,False,False,False,,
2025-07-10 15:48:00+00:00,162.955,162.66833847981795,0.11030983018247298,0.11197900260931562,162.92717430084886,162.66882569915114,0.1021054551852921,0.1365790118044744,True,False,False,False,False,False,True,True,False,False,False,,
2025-07-10 15:49:00+00:00,162.955,162.6948375127999,0.11409976901791197,0.1125089844540818,162.96230249470713,162.67769750529285,0.0946843641481759,0.13657901114593884,True,True,False,False,False,False,False,False,False,False,False,,
2025-07-10 15:51:00+00:00,162.93,162.72458436652084,0.10505151980666483,0.10964244093786717,162.97249799310012,162.75450200689986,0.09219799305501694,0.13657901441932363,True,False,False,False,False,False,True,False,False,False,False,,
2025-07-10 15:52:00+00:00,163.02,162.75014030705634,0.11143327862231445,0.1100886820571495,162.99710049468916,162.7898995053108,0.0967583944441157,0.13657901667017763,True,True,False,False,False,False,False,True,False,False,False,,
2025-07-10 15:53:00+00:00,163.005,162.7612133100752,0.11241728395435757,0.11067572687084218,163.01894981211748,162.8060501878825,0.08340671555545584,0.1360958167571712,True,True,False,False,False,False,False,False,False,False,False,,
2025-07-10 15:54:00+00:00,163.1,162.8496978288921,0.1214513047842729,0.11337199859972072,163.06780174610796,162.79719825389205,0.08772537244435367,0.13513744029917074,True,True,False,False,False,False,False,True,False,False,False,,
2025-07-10 15:55:00+00:00,163.21,162.85828098288593,0.1378142928760724,0.11948564861069022,163.14333035135996,162.79866964864004,0.09518029795562628,0.13513744433548722,True,True,False,False,False,False,False,True,False,False,False,,
2025-07-10 15:56:00+00:00,163.135,162.87597136413586,0.1390285271977234,0.12437549348630952,163.1658123903503,162.84518760964966,0.09714423836482719,0.13440898874738308,True,True,False,False,False,False,False,False,False,False,False,,
2025-07-10 15:57:00+00:00,163.065,162.88760429200366,0.12973854099590199,0.1257090536930195,163.17017957552935,162.88182042447067,0.10171539069192717,0.13440898877139373,True,True,False,False,False,False,False,False,False,False,False,,
2025-07-10 15:58:00+00:00,163.04,162.89428893260467,0.11790281892442067,0.12375973241312867,163.1742678879422,162.89473211205782,0.0923723125530163,0.13440898852628502,True,False,False,False,False,False,True,False,False,False,False,,
2025-07-10 15:59:00+00:00,162.985,162.89939970408938,0.1011506452633455,0.11810843949353819,163.17404326237437,162.90095673762562,0.08489785004232989,0.13440898848043137,True,False,False,False,False,False,True,False,False,False,False,,
2025-07-10 16:00:00+00:00,162.955,162.90739974662574,0.08385243819037669,0.10954171232158,163.166289008124,162.922710991876,0.08691828003384935,0.13102719077600944,True,False,False,False,False,False,True,False,False,False,False,,
2025-07-10 16:01:00+00:00,163.02,162.92483582626323,0.07684400968568639,0.10137190132535628,163.16229137144015,162.94470862855988,0.10753462402712918,0.12682175264998988,True,False,False,False,False,False,True,False,False,False,False,,
2025-07-10 16:02:00+00:00,162.905,162.93097419885638,0.05780145733800168,0.09047957000506207,163.16946470099535,162.91453529900465,0.1130276992216929,0.12367121518378509,False,False,True,False,False,True,True,False,False,False,False,,
2025-07-10 16:03:00+00:00,162.935,162.93739090737466,0.046176006588979135,0.07940612632070447,163.17066502865453,162.89933497134547,0.10442215937755542,0.122231503924907,False,False,False,False,False,True,True,False,False,False,False,,
2025-07-10 16:04:00+00:00,162.94,162.95139011378572,0.03742862589101037,0.06891559676562631,163.15650999963577,162.88149000036424,0.09453772750178768,0.12143697209807133,False,False,False,False,False,True,True,False,False,False,False,,
2025-07-10 16:05:00+00:00,163.0,162.96767355958573,0.03692637061618598,0.060914934109845324,163.09694316550343,162.89905683449655,0.09863018200122053,0.11719197633648396,True,False,False,False,False,False,True,False,False,False,False,,
2025-07-10 16:06:00+00:00,162.93,162.97173337740418,0.028255323326504822,0.052749681818319696,163.05274335518735,162.9022566448127,0.10090414560080505,0.11105635096880341,False,False,False,False,False,True,True,False,False,False,False,,
2025-07-10 16:07:00+00:00,162.9,162.97642729879294,0.018162883993170453,0.04410298236203372,163.02939407869,162.89260592130998,0.09172331648073498,0.1083098133863831,False,False,False,False,False,True,True,False,False,False,False,,
2025-07-10 16:08:00+00:00,162.885,162.98025973883966,0.008854194510718116,0.03528826831041866,163.009002460581,162.88199753941902,0.0773786531847728,0.10597839170222839,False,False,False,False,False,True,True,False,False,False,False,,
2025-07-10 16:09:00+00:00,162.81,162.98040415654202,-0.0062545427539646425,0.024905292390497092,163.0124008293789,162.8435991706211,0.07690292254782852,0.10329684041282242,False,False,True,False,False,True,True,False,False,False,False,,
2025-07-10 16:10:00+00:00,162.805,162.9795612419266,-0.01767553061779381,0.01426099558713606,163.01228368445956,162.8137163155404,0.08252233803806905,0.1021384882720157,False,False,True,False,False,True,True,False,False,False,False,,
2025-07-10 16:11:00+00:00,162.725,162.9804149963742,-0.03438851666339815,0.0020982679288564145,162.99871962723364,162.76828037276636,0.0890178704304642,0.1019104229242387,False,False,True,False,False,True,True,False,False,False,False,,
2025-07-10 16:12:00+00:00,162.63,162.97522443859205,-0.05627949252291842,-0.012493725014404095,163.01702484280344,162.69497515719655,0.09021429634433711,0.10130976814386335,False,False,True,False,False,True,True,False,False,False,False,,
2025-07-10 16:13:00+00:00,162.76,162.97215010894743,-0.056999866585215386,-0.023623896202056502,162.99946369932354,162.67753630067648,0.10617143707552304,0.10130976814487416,False,False,False,True,False,True,True,False,True,False,False,,
2025-07-10 16:14:00+00:00,162.75,162.96762277919322,-0.057577100772107315,-0.0321136656463488,162.97615667078017,162.66284332921984,0.10593714966019241,0.10130976813923342,False,False,False,True,False,True,True,False,True,False,False,,
2025-07-10 16:15:00+00:00,162.66,162.94895000747195,-0.06676990586916531,-0.04078087206306034,162.92809667773108,162.64290332226895,0.11474971972815655,0.10130976813945905,False,False,False,True,False,True,True,False,True,False,False,,
2025-07-10 16:16:00+00:00,162.62,162.94301044764094,-0.07660332196707031,-0.04973676421556503,162.8946296274881,162.61437037251193,0.10579977578244681,0.10130976813642716,False,False,False,True,False,True,True,False,True,False,False,,
2025-07-10 16:17:00+00:00,162.685,162.92052720997845,-0.07527136665899548,-0.056120834341239836,162.85514642851905,162.61085357148096,0.09963982062598206,0.10058607371683964,False,False,False,False,False,True,True,False,False,False,False,,
2025-07-10 16:18:00+00:00,162.72,162.91685000489622,-0.0691145671502511,-0.059368008999084725,162.81213896956754,162.62086103043245,0.09571185650087595,0.10024120189452082,False,False,False,False,False,True,True,False,False,False,False,,
2025-07-10 16:19:00+00:00,162.785,162.91115659333505,-0.05629033013153162,-0.0585987291204448,162.80467248755798,162.62332751244202,0.09156948520075761,0.09997580953030508,False,True,False,False,False,True,False,False,False,False,False,,
2025-07-10 16:20:00+00:00,162.81,162.90973833175227,-0.04321254680263564,-0.05475190386443583,162.8063221786931,162.62267782130687,0.08325558816067793,0.09968851900311818,False,True,False,False,False,True,False,True,False,False,False,,
2025-07-10 16:21:00+00:00,162.935,162.90953535206953,-0.019277202175686625,-0.045880431676924724,162.87097624330465,162.60002375669535,0.09160447052858177,0.09913500131595848,True,True,False,False,False,False,False,True,False,False,False,,
2025-07-10 16:22:00+00:00,162.99,162.90677962331057,0.004478086807978343,-0.03329178092360519,162.93735177870593,162.60564822129408,0.08528357642275299,0.09788721017838972,True,True,False,False,False,False,False,True,False,False,False,,
2025-07-10 16:23:00+00:00,163.045,162.90835245006437,0.027676871566058026,-0.018046121844513287,163.00610676844755,162.59389323155247,0.08022686113834589,0.09695131649627067,True,True,False,False,False,False,False,True,False,False,False,,
2025-07-10 16:24:00+00:00,163.085,162.85620224131029,0.04840569467273781,-0.0014344262596297248,163.0736417550113,162.59335824498874,0.08018148891060753,0.09627408418263994,True,True,False,False,False,False,False,True,False,False,False,,
2025-07-10 16:25:00+00:00,163.23,162.89625535119168,0.07842144010834318,0.018531078553322408,163.17149388338515,162.60950611661485,0.10714519112852254,0.09627408431874929,True,True,False,True,False,False,False,True,True,False,False,,
2025-07-10 16:26:00+00:00,163.23,162.88938101434846,0.09882287950279078,0.03860249056977648,163.23444091697706,162.6685590830229,0.10371615290299255,0.09627408514391217,True,True,False,True,False,False,False,False,True,False,False,,
2025-07-10 16:27:00+00:00,163.165,162.89266250970854,0.10477287414977354,0.05514417751602478,163.26245924113786,162.7365407588621,0.09997292232211251,0.0962740834638125,True,True,False,True,False,False,False,False,True,False,False,,
2025-07-10 16:28:00+00:00,163.2,162.89821823076485,0.11101261595439382,0.06910967898553622,163.28293908447787,162.81206091552215,0.09297833785773435,0.09575081488454026,True,True,False,False,False,False,False,False,False,False,False,,
2025-07-10 16:29:00+00:00,163.245,162.9103418776274,0.11844511025708471,0.08144675308359273,163.30312600625817,162.88387399374184,0.08538267028618167,0.09544607719004058,True,True,False,False,False,False,False,False,False,False,False,,
2025-07-10 16:30:00+00:00,163.23,162.9252756718468,0.12005965289750975,0.09110137641974134,163.29700096748857,162.97399903251144,0.09430613622867208,0.09493232925328167,True,True,False,False,False,False,False,False,False,False,False,,
2025-07-10 16:31:00+00:00,163.185,162.93097747662424,0.11414080418146,0.0968610935219161,163.28771070119976,163.03328929880027,0.0904449089829103,0.09461104419738328,True,True,False,False,False,False,False,False,False,False,False,,
2025-07-10 16:32:00+00:00,163.205,162.93823726884185,0.10994263471101817,0.10013126906182146,163.2771170331734,163.08688296682658,0.08235592718636456,0.09442193181878533,True,True,False,False,False,False,False,False,False,False,False,,
2025-07-10 16:33:00+00:00,163.165,162.9472067651086,0.10052572374064539,0.10022841442971148,163.2615666337751,163.1264333662249,0.08688474174919206,0.09364223704325607,True,True,False,False,False,False,False,False,False,False,False,,
2025-07-10 16:34:00+00:00,163.155,162.95508883588133,0.09075905240791826,0.09786065440941802,163.2470868744839,163.1549131255161,0.07450779339925621,0.09286291333594733,True,False,False,False,False,False,True,False,False,False,False,,
2025-07-10 16:35:00+00:00,163.05,162.96195061418334,0.07054993231940898,0.09103101615120454,163.26259899497035,163.10340100502964,0.09560623471947263,0.09286291409715126,True,False,True,True,False,False,True,False,True,False,False,,
2025-07-10 16:36:00+00:00,163.165,162.96857471282283,0.06711555794780111,0.0850511028133834,163.25276803065313,163.10023196934682,0.10448498777550908,0.09286291314564636,True,False,False,True,False,False,True,False,True,False,False,,
2025-07-10 16:37:00+00:00,163.235,162.97470800946266,0.07103468312618588,0.0815470678106971,163.26379204505872,163.1032079549413,0.09758799022039188,0.09364223704276256,True,False,False,True,False,False,True,False,True,False,False,,
2025-07-10 16:38:00+00:00,163.21,162.98747314546424,0.06986585880102325,0.07862648588172244,163.26537838092054,163.1036216190795,0.09007039217628529,0.09286291214913785,True,False,False,False,False,False,True,False,False,False,False,,
2025-07-10 16:39:00+00:00,163.255,162.99674636750336,0.07265562770979272,0.07713475020661784,163.268166876678,163.10283312332197,0.08505631374109587,0.09255990131657993,True,False,False,False,False,False,True,False,False,False,False,,
2025-07-10 16:40:00+00:00,163.36,163.00940323553843,0.08481860665730778,0.07905711270195398,163.31189890872358,163.08510109127647,0.09304505099286056,0.09267532502146153,True,True,False,True,False,False,False,True,True,False,False,,
2025-07-10 16:41:00+00:00,163.4,163.03441432833898,0.09648600805797969,0.08341559508535569,163.36461587049726,163.07538412950274,0.090436040794325,0.09267532527188782,True,True,False,False,False,False,False,True,False,False,False,,
2025-07-10 16:42:00+00:00,163.44,163.0594244649379,0.10758077179804104,0.08945793805049307,163.41817272969652,163.06882727030344,0.08134883263552199,0.09204781526420847,True,True,False,False,False,False,False,True,False,False,False,,
2025-07-10 16:43:00+00:00,163.42,163.09933440737933,0.11151156204050494,0.09497183348194933,163.45519948979523,163.08280051020472,0.08507906610842005,0.09204781531086748,True,True,False,False,False,False,False,False,False,False,False,,
2025-07-10 16:44:00+00:00,163.435,163.11085497884764,0.1139788670486439,0.0997235918736262,163.48721632421962,163.10678367578038,0.08406325288673674,0.09204781528170561,True,True,False,False,False,False,False,False,False,False,False,,
2025-07-10 16:45:00+00:00,163.46,163.15952652585068,0.11642689522312821,0.10389787949008208,163.49500636929875,163.1809936307013,0.08525060230936857,0.09166389354515361,True,True,False,False,False,False,False,False,False,False,False,,
2025-07-10 16:46:00+00:00,163.38,163.17775498721306,0.10736247767317764,0.10476200138094763,163.49092987674052,163.22807012325947,0.08520048184745346,0.09158697785438492,True,True,False,False,False,False,False,False,False,False,False,,
2025-07-10 16:47:00+00:00,163.36,163.22342793732466,0.09663810239587178,0.10273151606865352,163.48790836898192,163.2560916310181,0.07816038547789843,0.09100719706846874,True,False,False,False,False,False,True,False,False,False,False,,
2025-07-10 16:48:00+00:00,163.285,163.23083734045852,0.07889768881858572,0.09677110152040712,163.4749270008939,163.28407299910612,0.08052830838236422,0.09044047488817573,True,False,False,False,False,False,True,False,False,False,False,,
2025-07-10 16:49:00+00:00,163.125,163.24447465169962,0.04710761255222451,0.08435494960180318,163.50725444042862,163.22574555957138,0.09642264670589965,0.09100719708780457,False,False,True,True,False,True,True,False,True,False,False,,
2025-07-10 16:50:00+00:00,163.275,163.25111854607965,0.03949523719620629,0.07314044101515552,163.50470889543598,163.21129110456403,0.11013811736484176,0.09158697796059782,True,False,False,True,False,False,True,False,True,False,False,,
2025-07-10 16:51:00+00:00,163.26,163.26096325777524,0.031601610274634595,0.06275265688821159,163.49515058716406,163.19284941283593,0.10011049389174845,0.09158697783078404,False,False,False,True,False,True,True,False,True,False,False,,
2025-07-10 16:52:00+00:00,163.285,163.2626126382369,0.028016882100615703,0.05407025141220754,163.47346745324396,163.18353254675608,0.08808839511323441,0.09100719692792147,True,False,False,False,False,False,True,False,False,False,False,,
2025-07-10 16:53:00+00:00,163.325,163.26942781265893,0.0292634760488113,0.04786911692439984,163.45659178754698,163.18140821245305,0.08447071609062917,0.09044047488029353,True,False,False,False,False,False,True,False,False,False,False,,
2025-07-10 16:54:00+00:00,163.33,163.2776985697611,0.0301833981183961,0.0434480368185578,163.43373203464122,163.1832679653588,0.07757657287246977,0.09032516782793679,True,False,False,False,False,False,True,False,False,False,False,,
2025-07-10 16:55:00+00:00,163.32,163.2879020944136,0.02921208162433686,0.03988855858608543,163.39503637401472,163.19396362598528,0.07406125829803183,0.09014234392720241,True,False,False,False,False,False,True,False,False,False,False,,
2025-07-10 16:56:00+00:00,163.33,163.28867147451476,0.02906714666792709,0.03718481374662893,163.38272050471878,163.19627949528123,0.07324900663830942,0.08954412956761842,True,False,False,False,False,False,True,False,False,False,False,,
2025-07-10 16:57:00+00:00,163.34,163.29264012374034,0.029523834585205577,0.03527047790502249,163.3777028962951,163.1972971037049,0.06659920531071761,0.08855313206868845,True,False,False,False,False,False,True,False,False,False,False,,
2025-07-10 16:58:00+00:00,163.31,163.29585645357022,0.026047135161235246,0.032966180439990785,163.38074690077366,163.19925309922638,0.06627936424865785,0.08855313357937084,True,False,False,False,False,False,True,False,False,False,False,,
2025-07-10 16:59:00+00:00,163.225,163.29789498126445,0.01377121148925653,0.028167368283198057,163.35324471804844,163.24675528195158,0.07202349139896548,0.08855313446328072,False,False,True,False,False,True,True,False,False,False,False,,
2025-07-10 17:00:00+00:00,163.24,163.29862930470512,0.006227927950561707,0.022680900059980337,163.3554645020335,163.23753549796646,0.0686187931192902,0.08855313772772072,False,False,False,False,False,True,True,False,False,False,False,,
2025-07-10 17:01:00+00:00,163.29,163.30094754759014,0.0060866785605355744,0.018535141450502574,163.3557699964415,163.2432300035585,0.06889503449525879,0.08748656842331883,False,False,False,False,False,True,True,False,False,False,False,,
2025-07-10 17:02:00+00:00,163.24,163.30322758245623,0.0004173155853663957,0.01400624433725843,163.35720932406048,163.23279067593955,0.06711602759612507,0.08613370589888547,False,False,False,False,False,True,True,False,False,False,False,,
2025-07-10 17:03:00+00:00,163.26,163.30955290947827,-0.0015331930510456004,0.010119986607563271,163.35053275344572,163.22646724655428,0.067692822076942,0.08533312308219217,False,False,False,False,False,True,True,False,False,False,False,,
2025-07-10 17:04:00+00:00,163.305,163.31628669684574,0.001984985058214761,0.008084837837561448,163.34522626106767,163.22677373893234,0.06315425766142957,0.08526708838750542,False,False,False,False,False,True,True,False,False,False,False,,
2025-07-10 17:05:00+00:00,163.355,163.33748054376576,0.009963182720326813,0.008554563896569032,163.35500811018528,163.22399188981473,0.06752340612924349,0.08522554207619414,True,True,False,False,False,False,False,False,False,False,False,,
2025-07-10 17:06:00+00:00,163.225,163.34602268355385,0.0014027430404155439,0.006766958278169119,163.3468988217869,163.21110117821308,0.08001872490344046,0.08513977398096886,False,False,False,False,False,True,True,False,False,False,False,,
2025-07-10 17:07:00+00:00,163.285,163.34851350307449,0.0016967408782591065,0.005499473847330804,163.33443490379122,163.2125650962088,0.07601497992289438,0.08506768998325101,False,False,False,False,False,True,True,False,False,False,False,,
2025-07-10 17:08:00+00:00,163.26,163.35809288882245,-0.0008460700748571526,0.0039149057642294035,163.32679290265588,163.2102070973441,0.06581198393835426,0.084763514971958,False,False,False,False,False,True,True,False,False,False,False,,
2025-07-10 17:09:00+00:00,163.375,163.36327027109547,0.009864928442965493,0.005403250463512701,163.354338284141,163.212661715859,0.08064958715094617,0.08426698454766332,True,True,False,False,False,False,False,True,False,False,False,,
2025-07-10 17:10:00+00:00,163.37,163.36494831454252,0.01693048632446903,0.008286387892306166,163.37328256638094,163.21971743361908,0.07351966972075982,0.08426698454867196,True,True,False,False,False,False,False,False,False,False,False,,
2025-07-10 17:11:00+00:00,163.38,163.3626133261264,0.022856771454286218,0.01193548626218693,163.39077932047275,163.22022067952724,0.06781573577647275,0.08320959043228415,True,True,False,False,False,False,False,False,False,False,False,,
2025-07-10 17:12:00+00:00,163.365,163.3581686013483,0.02511020459630231,0.015228886169231706,163.40017207554928,163.2358279244507,0.06325258862075853,0.08185237855954516,True,True,False,False,False,False,False,False,False,False,False,,
2025-07-10 17:13:00+00:00,163.345,163.34054573339037,0.024111124849412136,0.017449725515822384,163.4039390889672,163.2490609110328,0.06560207089678552,0.08185237950183569,True,True,False,False,False,False,False,False,False,False,False,,
2025-07-10 17:14:00+00:00,163.325,163.3374355963797,0.020762052898476213,0.01827536019177878,163.4052092725821,163.25179072741793,0.063481656717471,0.08185237977006195,False,True,False,False,False,True,False,False,False,False,False,,
2025-07-10 17:15:00+00:00,163.3,163.31367271327525,0.015221243656498018,0.017509453807387304,163.39942643521707,163.24657356478295,0.06178532537371804,0.08099920967810421,False,False,False,False,False,True,True,False,False,False,False,,
2025-07-10 17:16:00+00:00,163.25,163.30357023583153,0.0054629503748060415,0.014499086493683156,163.39524999999998,163.25575000000003,0.06342826029912538,0.0805889477494863,False,False,True,False,False,True,True,False,False,False,False,,
2025-07-10 17:17:00+00:00,163.32,163.301647576954,0.005901718184162519,0.012349185063198594,163.39589730936416,163.26210269063586,0.06574260823926935,0.08027351661633972,True,False,False,False,False,False,True,False,False,False,False,,
2025-07-10 17:18:00+00:00,163.31,163.30220475154152,0.005023819224931003,0.010518822471508949,163.3925576638891,163.2754423361109,0.06559408659142757,0.07908955516403829,True,False,False,False,False,False,True,False,False,False,False,,
2025-07-10 17:19:00+00:00,163.28,163.30646933575656,0.0010178250782928444,0.008140286923921094,163.38369301056827,163.26530698943174,0.06447526927309773,0.07786847910929653,False,False,False,False,False,True,True,False,False,False,False,,
2025-07-10 17:20:00+00:00,163.25,163.3079409757993,-0.005184983712126723,0.004808549750126299,163.3754508737043,163.2495491262957,0.06458021541832362,0.07679577635870105,False,False,False,False,False,True,True,False,False,False,False,,
2025-07-10 17:21:00+00:00,163.295,163.3082028685812,-0.004693537132425263,0.0024317694850807432,163.3573291665051,163.2506708334949,0.0726641723346694,0.07526138368069454,False,False,False,False,False,True,True,False,False,False,False,,
2025-07-10 17:22:00+00:00,163.325,163.30943723001738,-0.0009791012529092313,0.0015768143883223128,163.34549725266606,163.25450274733396,0.07113133786776193,0.07428452345094216,True,False,False,False,False,False,True,False,False,False,False,,
2025-07-10 17:23:00+00:00,163.35,163.3095701419589,0.004468899956776795,0.0022998357804353445,163.34715096462168,163.25384903537832,0.06190507029424831,0.0737904639966428,True,True,False,False,False,False,False,True,False,False,False,,
2025-07-10 17:24:00+00:00,163.405,163.31292243686067,0.014347753540789654,0.005309368050851163,163.37448721467192,163.2425127853281,0.06952405623534555,0.0733843381552492,True,True,False,False,False,False,False,True,False,False,False,,
2025-07-10 17:25:00+00:00,163.47,163.32212550162632,0.028363364379515588,0.011072028103441673,163.4232563936535,163.22774360634645,0.0796192449882197,0.07338433813772093,True,True,False,True,False,False,False,True,True,False,False,,
2025-07-10 17:26:00+00:00,163.57,163.33500619432849,0.04894996486862624,0.020540883022488125,163.49685678132096,163.21814321867902,0.08369539599057282,0.0733843381369654,True,True,False,True,False,False,False,True,True,False,False,,
2025-07-10 17:27:00+00:00,163.56,163.35007993020463,0.061942624498584564,0.030892576935958326,163.5459211437138,163.21707885628624,0.08695631679248939,0.07338433815396479,True,True,False,True,False,False,False,True,True,False,False,,
2025-07-10 17:28:00+00:00,163.52,163.36410609595774,0.06590022143663532,0.03964343927410933,163.57340293297707,163.23159706702293,0.09056505343391272,0.07338433809966113,True,True,False,True,False,False,False,False,True,False,False,,
2025-07-10 17:29:00+00:00,163.44,163.37083958098796,0.05885265923154748,0.04444448571909501,163.57841188980234,163.25858811019765,0.09245204274716129,0.0733843381262227,True,True,False,True,False,False,False,False,True,False,False,,
2025-07-10 17:30:00+00:00,163.4,163.37493983071914,0.04829569350110319,0.045408895804674575,163.57044638549507,163.29655361450494,0.08196163419775251,0.07338433815204645,True,True,False,True,False,False,False,False,True,False,False,,
2025-07-10 17:31:00+00:00,163.46,163.37952060146912,0.046283151152124447,0.04562627101623137,163.5682529069417,163.33174709305828,0.0775693073582867,0.07338433826041399,True,True,False,True,False,False,False,False,True,False,False,,
2025-07-10 17:32:00+00:00,163.54,163.38457512262548,0.05270700090795799,0.04739757219531729,163.57756866879595,163.3654313312041,0.08205544588669272,0.07338433836417013,True,True,False,True,False,False,False,False,True,False,False,,
2025-07-10 17:33:00+00:00,163.55,163.39763270385365,0.057507588014516386,0.049921370436057044,163.58323637501104,163.39976362498896,0.07564435670945321,0.07338433855871293,True,True,False,True,False,False,False,False,True,False,False,,
2025-07-10 17:34:00+00:00,163.56,163.40248625021596,0.06104752729825691,0.05270381860036388,163.59213078174298,163.42186921825703,0.08051548536730879,0.0733843379237469,True,True,False,True,False,False,False,False,True,False,False,,
2025-07-10 17:35:00+00:00,163.44,163.40575645929647,0.049421674660948156,0.051884611079024166,163.59304493247885,163.41495506752113,0.08841238829373146,0.07338433755785337,True,False,False,True,False,False,True,False,True,False,False,,
2025-07-10 17:36:00+00:00,163.52,163.4124571830856,0.048793651606530375,0.051111102100422835,163.58236815939054,163.4156318406095,0.08672991063495543,0.07338433743119788,True,False,False,True,False,False,True,False,True,False,False,,
2025-07-10 17:37:00+00:00,163.56,163.41752426612635,0.05181462059604769,0.05128782075390783,163.58236815939054,163.41563184060945,0.0833839285079164,0.07338433720251444,True,True,False,True,False,False,False,False,True,False,False,,
2025-07-10 17:38:00+00:00,163.75,163.43293294645017,0.07379707937477065,0.05691604435787434,163.66284033513224,163.38115966486774,0.1147071428063851,0.07338433751035756,True,True,False,True,False,False,False,True,True,False,False,,
2025-07-10 17:39:00+00:00,163.91,163.4806496436174,0.10589601091135137,0.06916047664316334,163.78631371332747,163.35168628667256,0.12776571424501415,0.0733843368232077,True,True,False,True,False,False,False,True,True,False,False,,
2025-07-10 17:40:00+00:00,164.01,163.550844751586,0.13822465831657382,0.08642638222320684,163.90601630386655,163.35398369613344,0.13221257139607517,0.07338433742446382,True,True,False,True,False,False,False,True,True,False,False,,
2025-07-10 17:41:00+00:00,164.01,163.56459652189628,0.1592221940170475,0.10462400670814138,163.99381426456716,163.37618573543284,0.116770057116883,0.07338433768214501,True,True,False,True,False,False,False,True,True,False,False,,
2025-07-10 17:42:00+00:00,164.01,163.58402886500878,0.17159807330418175,0.12136633473192396,164.06280356709107,163.40119643290893,0.0974160456935228,0.07338433789687934,True,True,False,True,False,False,False,False,True,False,False,,
2025-07-10 17:43:00+00:00,164.015,163.61897391885458,0.17802589906716548,0.13553227460272366,164.11781263239104,163.43918736760892,0.095932836554801,0.07338433756135695,True,True,False,True,False,False,False,False,True,False,False,,
2025-07-10 17:44:00+00:00,164.005,163.6355991726061,0.17837264119407337,0.14624285568445045,164.1568839618792,163.4891160381208,0.0837462692438419,0.07338433760329725,True,True,False,True,False,False,False,False,True,False,False,,
2025-07-10 17:45:00+00:00,164.03,163.6589818344851,0.1781077883059652,0.15420810997203016,164.16534122538053,163.59865877461948,0.07299701539508271,0.07312301071597452,True,True,False,False,False,False,False,False,False,False,False,,
2025-07-10 17:46:00+00:00,164.03,163.66991018150367,0.17467638186204226,0.15932384948094558,164.15632375601385,163.70967624398614,0.06439761231599651,0.07283059385453047,True,True,False,False,False,False,False,False,False,False,False,,
2025-07-10 17:47:00+00:00,164.03,163.71089534320205,0.16900578106896091,0.16174433237794422,164.10536446865112,163.85463553134886,0.07651808985280259,0.07325834244717822,True,True,False,True,False,False,False,False,True,False,False,,
2025-07-10 17:48:00+00:00,164.1,163.73474647220854,0.16944606957321184,0.1636707455446577,164.08055532015135,163.94944467984863,0.0792144718822553,0.07458201313402946,True,True,False,True,False,False,False,True,True,False,False,,
2025-07-10 17:49:00+00:00,164.13,163.76014839706016,0.1699569706663624,0.16524167255287173,164.09785638832682,163.9761436116732,0.073371577505808,0.07458201315572474,True,True,False,False,False,False,False,True,False,False,False,,
2025-07-10 17:50:00+00:00,164.03,163.79747012520005,0.15632867673545547,0.16301216505410432,164.0985105032758,163.97948949672417,0.07869726200465063,0.07582966824045759,True,False,False,True,False,False,True,False,True,False,False,,
2025-07-10 17:51:00+00:00,164.16,163.8311400030033,0.15775770110619192,0.1616987588245252,164.13235974732083,163.97564025267917,0.0929578096036876,0.07626653449978547,True,False,False,True,False,False,True,True,True,False,False,,
2025-07-10 17:52:00+00:00,164.11,163.84639567850357,0.15047285470220118,0.15889095433041683,164.1426463603747,163.9853536396253,0.08436624768306673,0.07704369861034935,True,False,False,True,False,False,True,False,True,False,False,,
2025-07-10 17:53:00+00:00,164.05,163.85481448375467,0.13589305654673467,0.1531399416635404,164.14274335518962,163.99225664481037,0.08049299814644753,0.07813328468581607,True,False,False,True,False,False,True,False,True,False,False,,
2025-07-10 17:54:00+00:00,164.03,163.87017633320707,0.12063889995766885,0.14501573002407558,164.14130918594532,163.99869081405467,0.07439439851709549,0.07813328468073545,True,False,False,False,False,False,True,False,False,False,False,,
2025-07-10 17:55:00+00:00,164.03,163.89010576880904,0.10735165199898233,0.13560068938567377,164.1413091859417,163.99869081405828,0.06751551881364076,0.07813328467707893,True,False,False,False,False,False,True,False,False,False,False,,
2025-07-10 17:56:00+00:00,164.03,163.9041852771758,0.09573598290270979,0.12563486236058086,164.14130918594537,163.9986908140546,0.06401241505088442,0.07704369859697452,True,False,False,False,False,False,True,False,False,False,False,,
2025-07-10 17:57:00+00:00,164.02,163.9185255389975,0.08445707551197756,0.1153411847589108,164.14169972489765,163.99630027510239,0.05720993204079019,0.077043698610994,True,False,False,False,False,False,True,False,False,False,False,,
2025-07-10 17:58:00+00:00,164.02,163.93555254399163,0.07471848447121943,0.10518592920181676,164.13492732917985,163.98707267082017,0.051767945632736304,0.07704369863308992,True,False,False,False,False,False,True,False,False,False,False,,
2025-07-10 17:59:00+00:00,164.02,163.94388165896373,0.06627629891434594,0.09545761268121127,164.1170820393224,163.9829179606776,0.04941435650621253,0.07608122330329704,True,False,False,False,False,False,True,False,False,False,False,,
2025-07-10 18:00:00+00:00,164.03,163.94806705516046,0.06002439454141495,0.08660091628631712,164.11708203932577,163.98291796067426,0.048531485204784765,0.07608122326384029,True,False,False,False,False,False,True,False,False,False,False,,
2025-07-10 18:01:00+00:00,164.01,163.9585149638315,0.052202936648996,0.07800100186222822,164.07538873605472,163.99461126394527,0.048825188163797835,0.0760812232551366,True,False,False,False,False,False,True,False,False,False,False,,
2025-07-10 18:02:00+00:00,164.025,163.96470744823517,0.047202048406347785,0.07030119357914084,164.04151873829912,164.01148126170088,0.045060150531058205,0.07608122326178524,True,False,False,False,False,False,True,False,False,False,False,,
2025-07-10 18:03:00+00:00,164.01,163.9756867455122,0.04106979163299229,0.0629925040630244,164.03375000000375,164.01124999999627,0.052048120424877733,0.0760812232738737,True,False,True,False,False,False,True,False,False,False,False,,
2025-07-10 18:04:00+00:00,164.03,163.98164979450718,0.038046463301100175,0.05675697274039112,164.03375000000378,164.01124999999618,0.04763849633983074,0.07608122323609726,True,False,False,False,False,False,True,False,False,False,False,,
2025-07-10 18:05:00+00:00,164.21,163.99716727675798,0.054791980326058365,0.05626614415159782,164.12591113803347,163.95508886196654,0.07411079707178174,0.07608122318061308,True,False,False,False,False,False,True,True,False,False,False,,
2025-07-10 18:06:00+00:00,164.3,164.01995416879504,0.07579239537082572,0.061147916713812756,164.21165811631715,163.92334188368284,0.0822886376574756,0.07704369851227987,True,True,False,True,False,False,False,True,True,False,False,,
2025-07-10 18:07:00+00:00,164.42,164.07452299151603,0.10277903753254236,0.07155674570548858,164.31876183398833,163.89623816601164,0.09983091012604996,0.0781332846930442,True,True,False,True,False,False,False,True,True,False,False,,
2025-07-10 18:08:00+00:00,164.435,164.10067854104202,0.12217268766156053,0.0842108011136595,164.40032946504581,163.89767053495413,0.09786472810094278,0.07895586695116116,True,True,False,True,False,False,False,True,True,False,False,,
2025-07-10 18:09:00+00:00,164.29,164.11979553971037,0.1182385588160173,0.09271885924536816,164.42551001983918,163.9264899801608,0.10729178248075269,0.07941685920087752,True,True,False,True,False,False,False,False,True,False,False,,
2025-07-10 18:10:00+00:00,164.14,164.13505389761832,0.09686431367623527,0.09375655131658533,164.42674674137504,163.94725325862493,0.12183342598461396,0.08005612251538204,True,True,False,True,False,False,False,False,True,False,False,,
2025-07-10 18:11:00+00:00,164.07,164.13589921347705,0.0719194309394311,0.08829545332484101,164.42414605772143,163.9618539422786,0.12046674078775002,0.08050424200824384,False,False,False,True,False,True,True,False,True,False,False,,
2025-07-10 18:12:00+00:00,164.015,164.13688748675688,0.04647142464096987,0.07783958599215918,164.42481913581136,163.9591808641886,0.11037339263008039,0.08123855965553382,False,False,False,True,False,True,True,False,True,False,False,,
2025-07-10 18:13:00+00:00,164.03,164.13893397699692,0.02875618527539814,0.06556999435734455,164.42345097515624,163.96454902484373,0.10329871410406592,0.08200853987276027,False,False,False,True,False,True,True,False,True,False,False,,
2025-07-10 18:14:00+00:00,164.02,164.13666283081642,0.014258246322270907,0.052742616701682,164.42409738207076,163.96190261792927,0.09563897128309998,0.08217204081030721,False,False,False,True,False,True,True,False,True,False,False,,
2025-07-10 18:15:00+00:00,164.005,164.13704943493215,0.001817535329422526,0.0400104374098464,164.41815791764148,163.9268420823585,0.08751117702647566,0.08283628276735629,False,False,False,True,False,True,True,False,True,False,False,,
2025-07-10 18:16:00+00:00,164.1,164.13681109601004,0.0031005374894448323,0.03078247299582029,164.39118978298222,163.91381021701773,0.09400894162122088,0.0828362828861636,False,False,False,True,False,True,True,False,True,False,False,,
2025-07-10 18:17:00+00:00,164.11,164.14751121826862,0.005067726643801507,0.0243528774590692,164.31927970699775,163.9237202930023,0.08520715329696969,0.08283628287266276,False,False,False,True,False,True,True,False,True,False,False,,
2025-07-10 18:18:00+00:00,164.085,164.15032108455992,0.0036793168103486096,0.019184137701228867,164.20711016748223,163.96588983251777,0.08016572263757442,0.08217204110561924,False,False,False,False,False,True,True,False,False,False,False,,
2025-07-10 18:19:00+00:00,163.975,164.14782233688223,-0.009398578297606264,0.01203671072317723,164.13111668673767,163.97888331326234,0.08913257811004163,0.08217204078406867,False,False,True,True,False,True,True,False,True,False,False,,
2025-07-10 18:20:00+00:00,163.845,164.14499478176975,-0.03292017575159889,0.0007967199940418276,164.1356479119181,163.91535208808193,0.1053060624880505,0.08283628290377798,False,False,True,True,False,True,True,False,True,False,False,,
2025-07-10 18:21:00+00:00,163.89,164.14168707448675,-0.04451928303848263,-0.01053304987454727,164.13033754515635,163.88466245484364,0.10224484999050887,0.08356509947586355,False,False,False,True,False,True,True,False,True,False,False,,
2025-07-10 18:22:00+00:00,163.84,164.14003755464412,-0.0576000539134327,-0.022300360237350728,164.13387494569906,163.84612505430096,0.0917958799924861,0.08405625881657953,False,False,True,True,False,True,True,False,True,False,False,,
2025-07-10 18:23:00+00:00,163.82,164.1404764135516,-0.068249227049904,-0.03378960459537305,164.12978012936895,163.80821987063104,0.0774367039940393,0.08405625898658814,False,False,False,False,False,True,True,False,False,False,False,,
2025-07-10 18:24:00+00:00,163.75,164.1302169058894,-0.08238817249088015,-0.04593924656925204,164.12751549800456,163.7564845019954,0.08394936319503168,0.08415780538639,False,False,True,False,False,True,True,False,False,False,False,,
2025-07-10 18:25:00+00:00,163.68,164.1241179803052,-0.09880866753661621,-0.059155692862343734,164.1253502084777,163.69364979152232,0.0941594905560146,0.08415780537931704,False,False,True,True,False,True,True,False,True,False,False,,
2025-07-10 18:26:00+00:00,163.675,164.1230331805769,-0.10950081133040612,-0.07174246191327775,164.08318221480926,163.65081778519072,0.08632759244480764,0.0841578053740123,False,False,False,True,False,True,True,False,True,False,False,,
2025-07-10 18:27:00+00:00,163.785,164.12054869035725,-0.10328619377159498,-0.07962902415007399,164.01501333053218,163.6539866694678,0.09106207395586109,0.0847867004469425,False,False,False,True,False,True,True,False,True,False,False,,
2025-07-10 18:28:00+00:00,163.77,164.11985872916216,-0.09852429963245868,-0.08435263326324761,163.9340333926903,163.67196660730968,0.07884965916473927,0.08415780547347618,False,False,False,False,False,True,True,False,False,False,False,,
2025-07-10 18:29:00+00:00,163.755,164.12021242237313,-0.09490572508155992,-0.08699027694565012,163.88071333912671,163.6812866608733,0.07207972733169962,0.08384781533427324,False,False,False,False,False,True,True,False,False,False,False,,
2025-07-10 18:30:00+00:00,163.72,164.12007498193364,-0.09436732212336096,-0.0888348179166001,163.86600288457163,163.67099711542835,0.06966378186538166,0.08301745286988574,False,False,False,False,False,True,True,False,False,False,False,,
2025-07-10 18:31:00+00:00,163.85,164.11662471889258,-0.0780775042167079,-0.08614493013861912,163.85192889968377,163.67707110031623,0.08173102549234922,0.08200983157662343,False,True,False,False,False,True,False,False,False,False,False,,
2025-07-10 18:32:00+00:00,163.88,164.11058355093502,-0.06153830669393301,-0.07999313443913335,163.86507542389134,163.67192457610864,0.07838482039391297,0.08111201195228981,False,True,False,False,False,True,False,True,False,False,False,,
2025-07-10 18:33:00+00:00,163.9,164.1092020503746,-0.04620795200742123,-0.07154537052942256,163.88819965308713,163.66480034691287,0.06970785631525511,0.08032936099898791,False,True,False,False,False,True,False,True,False,False,False,,
2025-07-10 18:34:00+00:00,163.9,164.1101550024588,-0.034220819711720196,-0.0622158409650467,163.91496786018962,163.66803213981035,0.05776628505201623,0.07969009635315674,False,True,False,False,False,True,False,False,False,False,False,,
2025-07-10 18:35:00+00:00,164.0,164.10601695033793,-0.01397135665223459,-0.05015569875475313,163.96465350686339,163.6823464931366,0.06621302804156885,0.07969009558087163,False,True,False,False,False,True,False,True,False,False,False,,
2025-07-10 18:36:00+00:00,163.91,164.09313839917886,-0.008807670508076626,-0.039818342097399664,163.97111083756002,163.72288916243994,0.07097042243327367,0.07969009598310346,False,True,False,False,False,True,False,False,False,False,False,,
2025-07-10 18:37:00+00:00,163.885,164.0073607775999,-0.00762016689640177,-0.031769427569335415,163.97798966897992,163.73601033102014,0.06677633794664242,0.07969009673728815,False,True,False,False,False,True,False,False,False,False,False,,
2025-07-10 18:38:00+00:00,163.84,163.96916289484685,-0.011527889016093695,-0.02671051123283045,163.9775352368204,163.75046476317956,0.06342107035734276,0.07950769090200219,False,True,False,False,False,True,False,False,False,False,False,,
2025-07-10 18:39:00+00:00,163.83,163.94654248254517,-0.015250657785230715,-0.02384610722400661,163.97323771424536,163.76976228575464,0.05873685628580274,0.07950769089780722,False,True,False,False,False,True,False,False,False,False,False,,
2025-07-10 18:40:00+00:00,163.86,163.93844876683835,-0.014408208941802059,-0.021487192006497513,163.95460182703718,163.81639817296283,0.061989485028602284,0.07950769089498369,False,True,False,False,False,True,False,False,False,False,False,,
2025-07-10 18:41:00+00:00,163.9,163.93425809045382,-0.009169298091165956,-0.01840743885113818,163.9574519417185,163.82354805828152,0.06059158802296889,0.07861723977961901,False,True,False,False,False,True,False,False,False,False,False,,
2025-07-10 18:42:00+00:00,163.945,163.93167115413763,-0.00028374350637250245,-0.013876724772393021,163.96792954250435,163.82607045749563,0.05847327041831078,0.07791076219228317,True,True,False,False,False,False,False,False,False,False,False,,
2025-07-10 18:43:00+00:00,163.87,163.92493276953286,-0.001998335444937993,-0.010907477036140518,163.9659218325676,163.8220781674324,0.06177861633462127,0.07591554964037739,False,True,False,False,False,True,False,False,False,False,False,,
2025-07-10 18:44:00+00:00,163.78,163.9094656964284,-0.013025973339665597,-0.011435982405914499,163.97011781885627,163.79388218114374,0.07342289306767105,0.07577375030955669,False,False,True,False,False,True,True,False,False,False,False,,
2025-07-10 18:45:00+00:00,163.78,163.90008619068237,-0.02080975981087363,-0.01377914708061374,163.93670560605312,163.7832943939469,0.0677383144542332,0.07577375066634967,False,False,True,False,False,True,True,False,False,False,False,,
2025-07-10 18:46:00+00:00,163.73,163.88924224348946,-0.03154618157239497,-0.01821985691656438,163.93362286832428,163.75037713167575,0.06419065156349454,0.07577375117237818,False,False,True,False,False,True,True,False,False,False,False,,
2025-07-10 18:47:00+00:00,163.82,163.8435570120251,-0.02896155304495096,-0.02090304353637447,163.92490113254235,163.74609886745765,0.0793525212507714,0.07791076220413203,False,False,False,True,False,True,True,False,True,False,False,,
2025-07-10 18:48:00+00:00,163.79,163.83709041292673,-0.029831275277643954,-0.02313719904567315,163.92213821528142,163.73886178471858,0.0704820170004534,0.07791076217965566,False,False,False,False,False,True,True,False,False,False,False,,
2025-07-10 18:49:00+00:00,163.8,163.8266247117199,-0.02882890283905226,-0.024559915236621186,163.9201637064873,163.73483629351273,0.06638561360027898,0.07791076216351742,False,False,False,False,False,True,True,False,False,False,False,,
2025-07-10 18:50:00+00:00,163.79,163.82009827060995,-0.02866709093061104,-0.02558705875576501,163.91299358085814,163.72800641914188,0.06310849088021261,0.07791076216183634,False,False,False,False,False,True,True,False,False,False,False,,
2025-07-10 18:51:00+00:00,163.785,163.8171210718213,-0.02857388155447893,-0.026334323808540935,163.89337416666228,163.72462583333777,0.07448679270420325,0.07791076217129236,False,False,False,False,False,True,True,False,False,False,False,,
2025-07-10 18:52:00+00:00,163.74,163.81521921664043,-0.03289533835030056,-0.027974647363102123,163.84402533205613,163.73297466794386,0.0695894341633377,0.07791076216341233,False,False,False,False,False,True,True,False,False,False,False,,
2025-07-10 18:53:00+00:00,163.66,163.81082469228593,-0.04416722557530761,-0.032022652077868294,163.83316248929367,163.7018375107063,0.07367154733066547,0.07791076216094985,False,False,True,False,False,True,True,False,False,False,False,,
2025-07-10 18:54:00+00:00,163.725,163.80910164232372,-0.04447122575436424,-0.03513493533530192,163.82993195124715,163.69406804875285,0.07693723786455813,0.07791076217531444,False,False,False,False,False,True,True,False,False,False,False,,
2025-07-10 18:55:00+00:00,163.8,163.80934428577726,-0.03570195460093828,-0.03527682998992578,163.83369756093467,163.6943024390653,0.07654979029164095,0.07791076216890166,False,False,False,False,False,True,True,False,False,False,False,,
2025-07-10 18:56:00+00:00,163.795,163.8106531002366,-0.029220180078539215,-0.03376224799731545,163.83919361324203,163.70180638675797,0.06923983223336166,0.07718697094256845,False,True,False,False,False,True,False,False,False,False,False,,
2025-07-10 18:57:00+00:00,163.78,163.8111801059323,-0.02561052610957404,-0.03172312890010206,163.83093455982814,163.70206544017188,0.06639186578667425,0.07674351407813804,False,True,False,False,False,True,False,False,False,False,False,,
2025-07-10 18:58:00+00:00,163.765,163.80856846981445,-0.02415702573111389,-0.029831812865273068,163.8273561362453,163.70064386375466,0.06211349262930643,0.07551829149788308,False,True,False,False,False,True,False,False,False,False,False,,
2025-07-10 18:59:00+00:00,163.755,163.8051089759129,-0.023752075860613786,-0.028312577805396574,163.8202870257533,163.69871297424672,0.061690794103418725,0.07407917001726695,False,True,False,False,False,True,False,False,False,False,False,,
2025-07-10 19:00:00+00:00,163.83,163.80523162318417,-0.014842824901052154,-0.024944440388023195,163.8310874433599,163.69591255664008,0.0693526352826804,0.07354722019725174,True,True,False,False,False,False,False,False,False,False,False,,
2025-07-10 19:01:00+00:00,163.83,163.80589230072752,-0.008094212018249891,-0.020732162972084724,163.8415764908101,163.69442350918985,0.06348210822624518,0.07275131021137834,True,True,False,False,False,False,False,False,False,False,False,,
2025-07-10 19:02:00+00:00,163.9,163.8046969565107,0.004597057118786552,-0.014400487221569863,163.87663638593904,163.69136361406095,0.06678568658099507,0.07152507489271062,True,True,False,False,False,False,False,True,False,False,False,,
2025-07-10 19:03:00+00:00,163.89,163.805853208131,0.012652412977956828,-0.007637961363045122,163.88737256994676,163.7266274300532,0.062428549264850884,0.07072621973149308,True,True,False,False,False,False,False,True,False,False,False,,
2025-07-10 19:04:00+00:00,163.83,163.80666858878251,0.011737372247267785,-0.002792310062941533,163.8869104639075,163.7480895360925,0.06994283941185807,0.07021242820675698,True,True,False,False,False,False,False,False,False,False,False,,
2025-07-10 19:05:00+00:00,163.835,163.8034455216749,0.011401989985046157,0.0007554259194235565,163.89021163196998,163.75178836803002,0.06195427152939172,0.06982534781922739,True,True,False,False,False,False,False,False,False,False,False,,
2025-07-10 19:06:00+00:00,163.81,163.8008518675707,0.008224360126661168,0.002623009066906148,163.89076648152536,163.75423351847462,0.0565634172235306,0.06968581900150284,True,True,False,False,False,False,False,False,False,False,False,,
2025-07-10 19:07:00+00:00,163.79,163.80025340672952,0.003580402806392158,0.0028607493617101042,163.89050233204858,163.75649766795146,0.05325073377882679,0.06962660795181128,False,True,False,False,False,True,False,False,False,False,False,,
2025-07-10 19:08:00+00:00,163.815,163.80212278319362,0.002866304706998335,0.0028622081171208393,163.8891573367356,163.7678426632644,0.054600587022984835,0.06947103472096618,True,True,False,False,False,False,False,False,False,False,False,,
2025-07-10 19:09:00+00:00,163.83,163.8017720656447,0.003931043529121325,0.0031292771318903964,163.88435028438235,163.78764971561762,0.04868046961841051,0.06929623375728261,True,True,False,False,False,False,False,False,False,False,False,,
2025-07-10 19:10:00+00:00,163.89,163.80216679284734,0.011179652959384612,0.005142080846136567,163.8958957326693,163.78810426733074,0.060944375694743355,0.06848907333935747,True,True,False,False,False,False,False,False,False,False,False,,
2025-07-10 19:11:00+00:00,163.885,163.80100044979744,0.015702742866466224,0.007782526027812797,163.90424779731285,163.79075220268714,0.05275550055582362,0.06726200051798145,True,True,False,False,False,False,False,False,False,False,False,,
2025-07-10 19:12:00+00:00,163.8,163.80077282534873,0.00943407857062084,0.008195693840001964,163.89119182898597,163.78380817101404,0.059204400444638684,0.06678101224615304,False,True,False,False,False,True,False,False,False,False,False,,
2025-07-10 19:13:00+00:00,163.805,163.8006011351909,0.005249082621617163,0.00745939063106301,163.87735028438235,163.78064971561767,0.059363520355718555,0.06658410186003025,True,False,False,False,False,False,True,False,False,False,False,,
2025-07-10 19:14:00+00:00,163.87,163.80151945626682,0.009201276381503476,0.007895561260054149,163.88476630177982,163.78123369822023,0.0674908162845988,0.06658410190889948,True,True,False,True,False,False,False,False,True,False,False,,
2025-07-10 19:15:00+00:00,163.99,163.8293107381154,0.024997907114737927,0.01217016885584362,163.93616021047163,163.76083978952838,0.0929926530276723,0.06658410189580952,True,True,False,True,False,False,False,True,True,False,False,,
2025-07-10 19:16:00+00:00,164.04,163.85285972326358,0.04148718697697973,0.01949956322439334,163.99154920866022,163.75145079133983,0.11439412242213379,0.06658410189035535,True,True,False,True,False,False,False,True,True,False,False,,
2025-07-10 19:17:00+00:00,164.11,163.8837714199251,0.06036170269058516,0.02971551760575645,164.0565091909003,163.75049080909972,0.11551529793772049,0.0665841019380792,True,True,False,True,False,False,False,True,True,False,False,,
2025-07-10 19:18:00+00:00,164.09,163.8986749353758,0.07080939071479975,0.03998940539785956,164.09765533294788,163.7643446670521,0.10341223835018491,0.06658410197216767,True,True,False,True,False,False,False,False,True,False,False,,
2025-07-10 19:19:00+00:00,164.165,163.9124434685818,0.08530126530217785,0.051316741101744556,164.15231323835127,163.7766867616487,0.10972979068015865,0.0665841020467362,True,True,False,True,False,False,False,True,True,False,False,,
2025-07-10 19:20:00+00:00,164.285,163.93134342566665,0.1073808586415339,0.06533235097187995,164.23557396226695,163.77242603773303,0.11978383254408682,0.06658410175378843,True,True,False,True,False,False,False,True,True,False,False,,
2025-07-10 19:21:00+00:00,164.02,163.93965534959844,0.09257726268435817,0.07214322930434536,164.2413030663329,163.79369693366712,0.1498270660352873,0.06658410195352554,True,True,False,True,False,False,False,False,True,False,False,,
2025-07-10 19:22:00+00:00,164.03,163.94439927548507,0.08121828193469582,0.07441122335147586,164.236175273093,163.844824726907,0.13186165282834322,0.06658410326430034,True,True,False,True,False,False,False,False,True,False,False,,
2025-07-10 19:23:00+00:00,164.04,163.95111086784806,0.07257116891500459,0.07395030079360278,164.2207410284515,163.9072589715485,0.12448932226269047,0.06658410349836727,True,False,False,True,False,False,True,False,True,False,False,,
2025-07-10 19:24:00+00:00,164.07,163.95784985828394,0.06823504139694592,0.07252008756178713,164.2073197064546,163.9606802935454,0.11259145781011608,0.06678101323781649,True,False,False,True,False,False,True,False,True,False,False,,
2025-07-10 19:25:00+00:00,164.03,163.96632897816255,0.05947828848758263,0.06925977763147989,164.20564246682247,163.97035753317758,0.10407316624807894,0.06713825143556307,True,False,False,True,False,False,True,False,True,False,False,,
2025-07-10 19:26:00+00:00,163.99,163.974092553301,0.047665060808697035,0.06386165777884606,164.20720144926707,163.95879855073292,0.1092585329984282,0.0671382514317108,True,False,False,True,False,False,True,False,True,False,False,,
2025-07-10 19:27:00+00:00,163.98,163.97737937135992,0.037116645460116615,0.057176523405307295,164.20141061600972,163.93858938399026,0.1014068263986982,0.06761456507171776,True,False,False,True,False,False,True,False,True,False,False,,
2025-07-10 19:28:00+00:00,163.99,163.98424237259948,0.029860846891040183,0.05034816362978948,164.19562355990038,163.92437644009962,0.09312546111886941,0.06848907230629042,True,False,False,True,False,False,True,False,True,False,False,,
2025-07-10 19:29:00+00:00,164.075,163.99334039686488,0.03331261367443972,0.046088437111350584,164.17662444029742,163.92537555970256,0.09450036889514665,0.0692962336941805,True,False,False,True,False,False,True,False,True,False,False,,
2025-07-10 19:30:00+00:00,163.94,163.9984001984297,0.02048965322234153,0.039687622432975106,164.076128537631,163.956871462369,0.11060029511613542,0.06947103465434318,False,False,True,True,False,True,True,False,True,False,False,,
2025-07-10 19:31:00+00:00,163.99,163.99983759023922,0.0162465108215315,0.03382720469182947,164.07425000000018,163.9527499999998,0.10248023609293207,0.06976613680537448,False,False,False,True,False,True,True,False,True,False,False,,
2025-07-10 19:32:00+00:00,164.09,164.00435929920974,0.023774265148631457,0.03131382996777028,164.08925000000025,163.9497499999998,0.11198418887440771,0.07021242882309811,True,False,False,True,False,False,True,True,True,False,False,,
2025-07-10 19:33:00+00:00,164.05,164.00614662474683,0.024454618567460784,0.029600705176900412,164.0910518426408,163.9499481573592,0.09758735109949232,0.07195245582492257,True,False,False,True,False,False,True,False,True,False,False,,
2025-07-10 19:34:00+00:00,164.03,164.00901987369954,0.02232088519104991,0.02777963147428157,164.08291206592202,163.950087934078,0.08806988087964991,0.07207678349480073,True,False,False,True,False,False,True,False,True,False,False,,
2025-07-10 19:35:00+00:00,164.12,164.01247805626426,0.03018171140277559,0.028379592103357023,164.1067253808857,163.94427461911428,0.08845590470379226,0.07407917193757454,True,True,False,True,False,False,False,True,True,False,False,,
2025-07-10 19:36:00+00:00,164.075,164.01902273435883,0.030438951940851666,0.028891775135636028,164.11587032429364,163.9521296757064,0.08276472376321523,0.07551829607667081,True,True,False,True,False,False,False,False,True,False,False,,
2025-07-10 19:37:00+00:00,164.03,164.02176422481932,0.025163414649000515,0.02795744760172434,164.11642092740308,163.96157907259695,0.08321177901037488,0.0755182920537824,True,False,False,True,False,False,True,False,True,False,False,,
2025-07-10 19:38:00+00:00,164.02,164.03347489919386,0.019778566756002647,0.02591132900762068,164.11626136276715,163.9677386372328,0.07956942320816,0.07674351204237381,False,False,False,True,False,True,True,False,True,False,False,,
2025-07-10 19:39:00+00:00,164.035,164.03514287859608,0.017140016280279724,0.023718500825784368,164.110420646227,163.96557935377302,0.0776555385663833,0.07729638543900494,False,False,False,True,False,True,True,False,True,False,False,,
2025-07-10 19:40:00+00:00,164.17,164.0389559172715,0.029636706547393032,0.025198052256186494,164.13724959016236,163.98475040983766,0.0891244308530887,0.07861248088715939,True,True,False,True,False,False,False,True,True,False,False,,
2025-07-10 19:41:00+00:00,164.125,164.0443729389476,0.03327720911545384,0.027217771551879683,164.14655076335546,164.00244923664454,0.0872995446825054,0.08116707348528224,True,True,False,True,False,False,False,False,True,False,False,,
2025-07-10 19:42:00+00:00,164.125,164.04947734560776,0.0353199732920757,0.0292434618252114,164.1533889912395,164.0026110087605,0.08083963574595551,0.08180217975414975,True,True,False,False,False,False,False,False,False,False,False,,
2025-07-10 19:43:00+00:00,164.17,164.0579178607082,0.04107213799503029,0.03220028127198475,164.17418729120303,164.00581270879692,0.07467170859680042,0.08180217975426837,True,True,False,False,False,False,False,False,False,False,False,,
2025-07-10 19:44:00+00:00,164.155,164.06044927374165,0.0428726380260116,0.034868370460502035,164.18542504145378,164.0195749585462,0.06973736687751249,0.0818021797545312,True,True,False,False,False,False,False,False,False,False,False,,
2025-07-10 19:45:00+00:00,164.185,164.07231766153024,0.04667531735717034,0.03782010718468211,164.19979647570315,164.0182035242968,0.06578989350209438,0.08180217975494403,True,True,False,False,False,False,False,False,False,False,False,,
2025-07-10 19:46:00+00:00,164.2,164.0785754417405,0.05022779327291005,0.040921049838907056,164.21894517689347,164.02405482310652,0.07263191480164063,0.08180217975471235,True,True,False,False,False,False,False,False,False,False,False,,
2025-07-10 19:47:00+00:00,164.215,164.08279617342828,0.05353485164380345,0.04407408077527722,164.23385494126458,164.0461450587354,0.06910553184131027,0.08180217975468601,True,True,False,False,False,False,False,False,False,False,False,,
2025-07-10 19:48:00+00:00,164.24,164.08538601874187,0.05769536806178621,0.04748080097960139,164.24403505348408,164.07996494651587,0.06928442547309376,0.08180217975506446,True,True,False,False,False,False,False,False,False,False,False,,
2025-07-10 19:49:00+00:00,164.26,164.08792320522141,0.06185151800875133,0.05107166233943634,164.24870718417534,164.12029281582463,0.06942754037844855,0.08180217975477652,True,True,False,False,False,False,False,True,False,False,False,,
2025-07-10 19:50:00+00:00,164.185,164.08372140921946,0.055569608499979495,0.05219684807086805,164.24979851095227,164.12220148904768,0.12354203230262514,0.08298825138425424,True,True,False,True,False,False,False,False,True,False,False,,
2025-07-10 19:51:00+00:00,163.995,164.08184333022567,0.029263555095070615,0.046464363856494405,164.27817128885846,164.06782871114154,0.13683362584210146,0.0852556618450256,False,False,True,True,False,True,True,False,True,False,False,,
2025-07-10 19:52:00+00:00,163.87,164.07151532580824,-0.00403688060487184,0.03383933241772501,164.31994292533986,163.9750570746601,0.13646690067364708,0.08768471277756787,False,False,True,True,False,True,True,False,True,False,False,,
2025-07-10 19:53:00+00:00,164.02,164.0680895638189,-0.011818534944097792,0.022424865577264582,164.31353608065837,163.95146391934162,0.14217352053889815,0.08826289278523623,False,False,False,True,False,True,True,False,True,False,False,,
2025-07-10 19:54:00+00:00,164.12,164.07203541468718,-0.006353946555435641,0.015230162544090611,164.309742219749,163.94825778025103,0.14773881643111245,0.0887901677745481,True,False,False,True,False,False,True,False,True,False,False,,
2025-07-10 19:55:00+00:00,164.17,164.08147923007112,0.0031904899516916885,0.012220384234254894,164.307320222722,163.94767977727798,0.1401910531448673,0.09105854160812024,True,False,False,True,False,False,True,False,True,False,False,,
2025-07-10 19:56:00+00:00,164.2,164.09332929211809,0.013346521764447061,0.012501918616802742,164.30732022272295,163.94767977727705,0.12815284251590678,0.09305905680401222,True,True,False,True,False,False,False,False,True,False,False,,
2025-07-10 19:57:00+00:00,164.18,164.10636640170785,0.01830824450524915,0.01395350008890911,164.3006500778379,163.9473499221621,0.11152227401274473,0.0938129149912191,True,True,False,True,False,False,False,False,True,False,False,,
2025-07-10 19:58:00+00:00,164.1,164.10880211007756,0.012856501584082025,0.01367911062440958,164.27693187233163,163.9430681276684,0.11021781921021553,0.09604385999473282,False,False,False,True,False,True,True,False,True,False,False,,
